-- MySQL Script generated by MySQL Workbench
-- Mon Oct 16 19:35:14 2017
-- Model: New Model    Version: 1.0
-- MySQL Workbench Forward Engineering

SET @OLD_UNIQUE_CHECKS=@@UNIQUE_CHECKS, UNIQUE_CHECKS=0;
SET @OLD_FOREIGN_KEY_CHECKS=@@FOREIGN_KEY_CHECKS, FOREIGN_KEY_CHECKS=0;
SET @OLD_SQL_MODE=@@SQL_MODE, SQL_MODE='TRADITIONAL,ALLOW_INVALID_DATES';

-- -----------------------------------------------------
-- Schema anw14b
-- -----------------------------------------------------
DROP SCHEMA IF EXISTS `anw14b` ;

-- -----------------------------------------------------
-- Schema anw14b
-- -----------------------------------------------------
CREATE SCHEMA IF NOT EXISTS `anw14b` DEFAULT CHARACTER SET utf8 ;
SHOW WARNINGS;
USE `anw14b` ;

-- -----------------------------------------------------
-- Table `anw14b`.`petstore`
-- -----------------------------------------------------
DROP TABLE IF EXISTS `anw14b`.`petstore` ;

SHOW WARNINGS;
CREATE TABLE IF NOT EXISTS `anw14b`.`petstore` (
  `pst_id` SMALLINT UNSIGNED NOT NULL AUTO_INCREMENT,
  `pst_name` VARCHAR(45) NOT NULL,
  `pst_street` VARCHAR(40) NOT NULL,
  `pst_city` VARCHAR(30) NOT NULL,
  `pst_state` CHAR(2) NOT NULL,
  `pst_zip` INT UNSIGNED NOT NULL,
  `pst_phone` BIGINT UNSIGNED NOT NULL,
  `pst_email` VARCHAR(100) NOT NULL,
  `pst_url` VARCHAR(100) NOT NULL,
  `pst_ytd_sales` DECIMAL(10,2) NOT NULL,
  `pst_notes` VARCHAR(45) NULL,
  PRIMARY KEY (`pst_id`))
ENGINE = InnoDB;

SHOW WARNINGS;

-- -----------------------------------------------------
-- Table `anw14b`.`customer`
-- -----------------------------------------------------
DROP TABLE IF EXISTS `anw14b`.`customer` ;

SHOW WARNINGS;
CREATE TABLE IF NOT EXISTS `anw14b`.`customer` (
  `cus_id` SMALLINT UNSIGNED NOT NULL AUTO_INCREMENT,
  `cus_fname` VARCHAR(15) NOT NULL,
  `cus_lname` VARCHAR(30) NOT NULL,
  `cus_street` VARCHAR(40) NOT NULL,
  `cus_city` VARCHAR(30) NOT NULL,
  `cus_state` CHAR(2) NOT NULL,
  `cus_zip` INT UNSIGNED NOT NULL,
  `cus_phone` BIGINT UNSIGNED NOT NULL,
  `cus_email` VARCHAR(100) NOT NULL,
  `cus_balance` DECIMAL(6,2) NOT NULL,
  `cus_total_sales` DECIMAL(6,2) NOT NULL,
  `cus_notes` VARCHAR(255) NULL,
  PRIMARY KEY (`cus_id`))
ENGINE = InnoDB;

SHOW WARNINGS;

-- -----------------------------------------------------
-- Table `anw14b`.`pet`
-- -----------------------------------------------------
DROP TABLE IF EXISTS `anw14b`.`pet` ;

SHOW WARNINGS;
CREATE TABLE IF NOT EXISTS `anw14b`.`pet` (
  `pet_id` INT UNSIGNED NOT NULL AUTO_INCREMENT,
  `pst_id` SMALLINT UNSIGNED NOT NULL,
  `cus_id` SMALLINT UNSIGNED NULL,
  `pet_type` VARCHAR(45) NOT NULL,
  `pet_sex` ENUM('m', 'f') NOT NULL,
  `pet_cost` DECIMAL(6,2) NOT NULL,
  `pet_age` TINYINT UNSIGNED NOT NULL,
  `pet_color` VARCHAR(30) NOT NULL,
  `pet_sale_date` DATE NULL,
  `pet_vaccine` ENUM('y', 'n') NOT NULL,
  `pet_neuter` ENUM('y', 'n') NOT NULL,
  `pet_notes` VARCHAR(255) NULL,
  PRIMARY KEY (`pet_id`),
  INDEX `fk_pet_petstore_idx` (`pst_id` ASC),
  INDEX `fk_pet_customer1_idx` (`cus_id` ASC),
  CONSTRAINT `fk_pet_petstore`
    FOREIGN KEY (`pst_id`)
    REFERENCES `anw14b`.`petstore` (`pst_id`)
    ON DELETE NO ACTION
    ON UPDATE NO ACTION,
  CONSTRAINT `fk_pet_customer1`
    FOREIGN KEY (`cus_id`)
    REFERENCES `anw14b`.`customer` (`cus_id`)
    ON DELETE NO ACTION
    ON UPDATE NO ACTION)
ENGINE = InnoDB;

SHOW WARNINGS;

SET SQL_MODE=@OLD_SQL_MODE;
SET FOREIGN_KEY_CHECKS=@OLD_FOREIGN_KEY_CHECKS;
SET UNIQUE_CHECKS=@OLD_UNIQUE_CHECKS;

-- -----------------------------------------------------
-- Data for table `anw14b`.`petstore`
-- -----------------------------------------------------
START TRANSACTION;
USE `anw14b`;
INSERT INTO `anw14b`.`petstore` (`pst_id`, `pst_name`, `pst_street`, `pst_city`, `pst_state`, `pst_zip`, `pst_phone`, `pst_email`, `pst_url`, `pst_ytd_sales`, `pst_notes`) VALUES (1, 'Pets One', '1 Pet Place', 'Tallahassee', 'FL', 32304, 8501111111, 'contact@petsone.com', 'petsone.com', DEFAULT, NULL);
INSERT INTO `anw14b`.`petstore` (`pst_id`, `pst_name`, `pst_street`, `pst_city`, `pst_state`, `pst_zip`, `pst_phone`, `pst_email`, `pst_url`, `pst_ytd_sales`, `pst_notes`) VALUES (2, 'Pets Two', '2 Pet Place', 'Tallahassee', 'FL', 32304, 8502222222, 'contact@petstwo.com', 'petstwo.com', DEFAULT, NULL);
INSERT INTO `anw14b`.`petstore` (`pst_id`, `pst_name`, `pst_street`, `pst_city`, `pst_state`, `pst_zip`, `pst_phone`, `pst_email`, `pst_url`, `pst_ytd_sales`, `pst_notes`) VALUES (3, 'Pets Three', '3 Pet Place', 'Tallahassee', 'FL', 32304, 8503333333, 'contact@petsthree.com', 'petsthree.com', DEFAULT, NULL);
INSERT INTO `anw14b`.`petstore` (`pst_id`, `pst_name`, `pst_street`, `pst_city`, `pst_state`, `pst_zip`, `pst_phone`, `pst_email`, `pst_url`, `pst_ytd_sales`, `pst_notes`) VALUES (4, 'Pets Four', '4 Pet Place', 'Tallahassee', 'FL', 32304, 8504444444, 'contact@petsfour.com', 'petsfour.com', DEFAULT, NULL);
INSERT INTO `anw14b`.`petstore` (`pst_id`, `pst_name`, `pst_street`, `pst_city`, `pst_state`, `pst_zip`, `pst_phone`, `pst_email`, `pst_url`, `pst_ytd_sales`, `pst_notes`) VALUES (5, 'Pets Five', '5 Pet Place', 'Tallahassee', 'FL', 32304, 8505555555, 'contact@petsfive.com', 'petsfive.com', DEFAULT, NULL);
INSERT INTO `anw14b`.`petstore` (`pst_id`, `pst_name`, `pst_street`, `pst_city`, `pst_state`, `pst_zip`, `pst_phone`, `pst_email`, `pst_url`, `pst_ytd_sales`, `pst_notes`) VALUES (6, 'Pets Six', '6 Pet Place', 'Tallahassee', 'FL', 32304, 8506666666, 'contact@petssix.com', 'petssix.com', DEFAULT, NULL);
INSERT INTO `anw14b`.`petstore` (`pst_id`, `pst_name`, `pst_street`, `pst_city`, `pst_state`, `pst_zip`, `pst_phone`, `pst_email`, `pst_url`, `pst_ytd_sales`, `pst_notes`) VALUES (7, 'Pets Seven', '7 Pet Place', 'Tallahassee', 'FL', 32304, 8507777777, 'contact@petseven.com', 'petsseven.com', DEFAULT, NULL);
INSERT INTO `anw14b`.`petstore` (`pst_id`, `pst_name`, `pst_street`, `pst_city`, `pst_state`, `pst_zip`, `pst_phone`, `pst_email`, `pst_url`, `pst_ytd_sales`, `pst_notes`) VALUES (8, 'Pets Eight', '8 Pet Place', 'Tallahassee', 'FL', 32304, 8508888888, 'contact@petseight.com', 'petseight.com', DEFAULT, NULL);
INSERT INTO `anw14b`.`petstore` (`pst_id`, `pst_name`, `pst_street`, `pst_city`, `pst_state`, `pst_zip`, `pst_phone`, `pst_email`, `pst_url`, `pst_ytd_sales`, `pst_notes`) VALUES (9, 'Pets Nine', '9 Pet Place', 'Tallahassee', 'FL', 32304, 8509999999, 'contact@petsnine.com', 'petsnine.com', DEFAULT, NULL);
INSERT INTO `anw14b`.`petstore` (`pst_id`, `pst_name`, `pst_street`, `pst_city`, `pst_state`, `pst_zip`, `pst_phone`, `pst_email`, `pst_url`, `pst_ytd_sales`, `pst_notes`) VALUES (10, 'Pets Ten', '10 Pet Place', 'Tallahassee', 'FL', 32304, 8501011010, 'contact@petsten.com', 'petsten.com', DEFAULT, NULL);

COMMIT;


-- -----------------------------------------------------
-- Data for table `anw14b`.`customer`
-- -----------------------------------------------------
START TRANSACTION;
USE `anw14b`;
INSERT INTO `anw14b`.`customer` (`cus_id`, `cus_fname`, `cus_lname`, `cus_street`, `cus_city`, `cus_state`, `cus_zip`, `cus_phone`, `cus_email`, `cus_balance`, `cus_total_sales`, `cus_notes`) VALUES (1, 'Andrew', 'Whitely', '1 Person St', 'Tallahassee', 'FL', 32301, 1111111111, 'c1@gmail.com', DEFAULT, DEFAULT, NULL);
INSERT INTO `anw14b`.`customer` (`cus_id`, `cus_fname`, `cus_lname`, `cus_street`, `cus_city`, `cus_state`, `cus_zip`, `cus_phone`, `cus_email`, `cus_balance`, `cus_total_sales`, `cus_notes`) VALUES (2, 'Bob', 'Dylan', '2 Person St', 'Tallahassee', 'FL', 32302, 2222222222, 'c2@gmail.com', DEFAULT, DEFAULT, NULL);
INSERT INTO `anw14b`.`customer` (`cus_id`, `cus_fname`, `cus_lname`, `cus_street`, `cus_city`, `cus_state`, `cus_zip`, `cus_phone`, `cus_email`, `cus_balance`, `cus_total_sales`, `cus_notes`) VALUES (3, 'Cat', 'Stark', '3 Person St', 'Tallahassee', 'FL', 32303, 3333333333, 'c3@gmail.com', DEFAULT, DEFAULT, NULL);
INSERT INTO `anw14b`.`customer` (`cus_id`, `cus_fname`, `cus_lname`, `cus_street`, `cus_city`, `cus_state`, `cus_zip`, `cus_phone`, `cus_email`, `cus_balance`, `cus_total_sales`, `cus_notes`) VALUES (4, 'Deb', 'Downer', '4 Person St', 'Tallahassee', 'FL', 32304, 4444444444, 'c4@gmail.com', DEFAULT, DEFAULT, NULL);
INSERT INTO `anw14b`.`customer` (`cus_id`, `cus_fname`, `cus_lname`, `cus_street`, `cus_city`, `cus_state`, `cus_zip`, `cus_phone`, `cus_email`, `cus_balance`, `cus_total_sales`, `cus_notes`) VALUES (5, 'Eddie', 'Edison', '5 Person St', 'Tallahassee', 'FL', 32305, 5555555555, 'c5@gmail.com', DEFAULT, DEFAULT, NULL);
INSERT INTO `anw14b`.`customer` (`cus_id`, `cus_fname`, `cus_lname`, `cus_street`, `cus_city`, `cus_state`, `cus_zip`, `cus_phone`, `cus_email`, `cus_balance`, `cus_total_sales`, `cus_notes`) VALUES (6, 'Frank', 'Reynolds', '6 Person St', 'Tallahassee', 'FL', 32306, 6666666666, 'c6@gmail.com', DEFAULT, DEFAULT, NULL);
INSERT INTO `anw14b`.`customer` (`cus_id`, `cus_fname`, `cus_lname`, `cus_street`, `cus_city`, `cus_state`, `cus_zip`, `cus_phone`, `cus_email`, `cus_balance`, `cus_total_sales`, `cus_notes`) VALUES (7, 'Georgie', 'Denbrough', '7 Person St', 'Tallahassee', 'FL', 32307, 7777777777, 'c7@gmail.com', DEFAULT, DEFAULT, NULL);
INSERT INTO `anw14b`.`customer` (`cus_id`, `cus_fname`, `cus_lname`, `cus_street`, `cus_city`, `cus_state`, `cus_zip`, `cus_phone`, `cus_email`, `cus_balance`, `cus_total_sales`, `cus_notes`) VALUES (8, 'Hank', 'Hill', '8 Person St', 'Tallahassee', 'FL', 32308, 8888888888, 'c8@gmail.com', DEFAULT, DEFAULT, NULL);
INSERT INTO `anw14b`.`customer` (`cus_id`, `cus_fname`, `cus_lname`, `cus_street`, `cus_city`, `cus_state`, `cus_zip`, `cus_phone`, `cus_email`, `cus_balance`, `cus_total_sales`, `cus_notes`) VALUES (9, 'Isaac', 'Newton', '9 Person St', 'Tallahassee', 'FL', 32309, 9999999999, 'c9@gmail.com', DEFAULT, DEFAULT, NULL);
INSERT INTO `anw14b`.`customer` (`cus_id`, `cus_fname`, `cus_lname`, `cus_street`, `cus_city`, `cus_state`, `cus_zip`, `cus_phone`, `cus_email`, `cus_balance`, `cus_total_sales`, `cus_notes`) VALUES (10, 'Joe', 'Borecca', '10 Person St', 'Tallahassee', 'FL', 32310, 1111111010, 'c10@gmail.com', DEFAULT, DEFAULT, NULL);

COMMIT;


-- -----------------------------------------------------
-- Data for table `anw14b`.`pet`
-- -----------------------------------------------------
START TRANSACTION;
USE `anw14b`;
INSERT INTO `anw14b`.`pet` (`pet_id`, `pst_id`, `cus_id`, `pet_type`, `pet_sex`, `pet_cost`, `pet_age`, `pet_color`, `pet_sale_date`, `pet_vaccine`, `pet_neuter`, `pet_notes`) VALUES (1, 1, 1, 'dog', 'm', 1000, 10, 'black', NULL, 'y', 'y', NULL);
INSERT INTO `anw14b`.`pet` (`pet_id`, `pst_id`, `cus_id`, `pet_type`, `pet_sex`, `pet_cost`, `pet_age`, `pet_color`, `pet_sale_date`, `pet_vaccine`, `pet_neuter`, `pet_notes`) VALUES (2, 2, 2, 'cat', 'm', 2000, 20, 'brown', NULL, 'y', 'y', NULL);
INSERT INTO `anw14b`.`pet` (`pet_id`, `pst_id`, `cus_id`, `pet_type`, `pet_sex`, `pet_cost`, `pet_age`, `pet_color`, `pet_sale_date`, `pet_vaccine`, `pet_neuter`, `pet_notes`) VALUES (3, 3, 3, 'bird', 'm', 3000, 30, 'spotted', NULL, 'y', 'y', NULL);
INSERT INTO `anw14b`.`pet` (`pet_id`, `pst_id`, `cus_id`, `pet_type`, `pet_sex`, `pet_cost`, `pet_age`, `pet_color`, `pet_sale_date`, `pet_vaccine`, `pet_neuter`, `pet_notes`) VALUES (4, 4, 4, 'snake', 'm', 4000, 40, 'green', NULL, 'y', 'y', NULL);
INSERT INTO `anw14b`.`pet` (`pet_id`, `pst_id`, `cus_id`, `pet_type`, `pet_sex`, `pet_cost`, `pet_age`, `pet_color`, `pet_sale_date`, `pet_vaccine`, `pet_neuter`, `pet_notes`) VALUES (5, 5, 5, 'rabbit', 'm', 5000, 50, 'white', NULL, 'y', 'y', NULL);
INSERT INTO `anw14b`.`pet` (`pet_id`, `pst_id`, `cus_id`, `pet_type`, `pet_sex`, `pet_cost`, `pet_age`, `pet_color`, `pet_sale_date`, `pet_vaccine`, `pet_neuter`, `pet_notes`) VALUES (6, 6, 6, 'turtle', 'f', 6000, 60, 'brown', NULL, 'y', 'y', NULL);
INSERT INTO `anw14b`.`pet` (`pet_id`, `pst_id`, `cus_id`, `pet_type`, `pet_sex`, `pet_cost`, `pet_age`, `pet_color`, `pet_sale_date`, `pet_vaccine`, `pet_neuter`, `pet_notes`) VALUES (7, 7, 7, 'hamster', 'f', 7000, 70, 'grey', NULL, 'y', 'y', NULL);
INSERT INTO `anw14b`.`pet` (`pet_id`, `pst_id`, `cus_id`, `pet_type`, `pet_sex`, `pet_cost`, `pet_age`, `pet_color`, `pet_sale_date`, `pet_vaccine`, `pet_neuter`, `pet_notes`) VALUES (8, 8, 8, 'guniea pig', 'f', 8000, 80, 'brindle', NULL, 'y', 'y', NULL);
INSERT INTO `anw14b`.`pet` (`pet_id`, `pst_id`, `cus_id`, `pet_type`, `pet_sex`, `pet_cost`, `pet_age`, `pet_color`, `pet_sale_date`, `pet_vaccine`, `pet_neuter`, `pet_notes`) VALUES (9, 9, 9, 'fish', 'f', 9000, 90, 'gold', NULL, 'y', 'y', NULL);
INSERT INTO `anw14b`.`pet` (`pet_id`, `pst_id`, `cus_id`, `pet_type`, `pet_sex`, `pet_cost`, `pet_age`, `pet_color`, `pet_sale_date`, `pet_vaccine`, `pet_neuter`, `pet_notes`) VALUES (10, 10, 10, 'dog', 'f', 1100, 100, 'golden', NULL, 'y', 'y', NULL);

COMMIT;

